Post ID,Title,Url,Author,Score,Publish Date,Total No. of Comments,Permalink,Flair
kvzast,Is the community page down?,https://www.reddit.com/r/mobilecoin/comments/kvzast/is_the_community_page_down/,SupermarketAwkward24,1,2021-01-12 14:57:07,2,/r/mobilecoin/comments/kvzast/is_the_community_page_down/,NaN
l58rdh,"U.S.-based, curious when and where to buy MobileCoin",https://www.reddit.com/r/mobilecoin/comments/l58rdh/usbased_curious_when_and_where_to_buy_mobilecoin/,fnord0,1,2021-01-26 02:17:03,7,/r/mobilecoin/comments/l58rdh/usbased_curious_when_and_where_to_buy_mobilecoin/,NaN
l6kx99,"Mixin Network supports the 33rd public chain @mobilecoin , $MOB, that focuses on Building Secure Payment Systems for Mobile.",https://twitter.com/Mixin_Network/status/1351005344642830344,klpu,2,2021-01-27 20:54:46,0,/r/mobilecoin/comments/l6kx99/mixin_network_supports_the_33rd_public_chain/,NaN
l9koan,Most Modest Centralized Project,https://www.reddit.com/r/mobilecoin/comments/l9koan/most_modest_centralized_project/,airgapt,5,2021-01-31 15:06:20,2,/r/mobilecoin/comments/l9koan/most_modest_centralized_project/,NaN
lc008k,OTC buyer of mobile coin,https://www.reddit.com/r/mobilecoin/comments/lc008k/otc_buyer_of_mobile_coin/,SupermarketFabulous8,0,2021-02-03 17:20:00,0,/r/mobilecoin/comments/lc008k/otc_buyer_of_mobile_coin/,NaN
lc2hos,How do I buy mobile coin?,https://www.reddit.com/r/mobilecoin/comments/lc2hos/how_do_i_buy_mobile_coin/,benny_leather,3,2021-02-03 19:13:43,20,/r/mobilecoin/comments/lc2hos/how_do_i_buy_mobile_coin/,NaN
lcd9oa,bitcoinblack,https://bitcoin.black/bitcoin-black-v-bitcoin/?a_aid=5fe5d9b476ae0,hun22h,1,2021-02-04 05:56:52,0,/r/mobilecoin/comments/lcd9oa/bitcoinblack/,NaN
liwq6b,Signal reportedly exploring crypto payments features,https://cointelegraph.com/news/signal-reportedly-developing-crypto-payment-features,cryptofact,1,2021-02-13 03:32:34,0,/r/mobilecoin/comments/liwq6b/signal_reportedly_exploring_crypto_payments/,NaN
liwqsm,Mobile coin beats 4$,https://www.reddit.com/r/mobilecoin/comments/liwqsm/mobile_coin_beats_4/,cryptofact,1,2021-02-13 03:34:00,3,/r/mobilecoin/comments/liwqsm/mobile_coin_beats_4/,NaN
lw4taq,MOB beats 5$,https://www.reddit.com/r/mobilecoin/comments/lw4taq/mob_beats_5/,cryptofact,1,2021-03-02 10:39:30,6,/r/mobilecoin/comments/lw4taq/mob_beats_5/,NaN
m2qcj7,"Crypto project MobileCoin, advised by Signal creator, raises $11.35 million in Series A",https://www.theblockcrypto.com/linked/97856/crypto-project-mobilecoin-advised-by-signal-creator-raises-11-35-million-in-series-a,cryptofact,1,2021-03-11 08:44:31,3,/r/mobilecoin/comments/m2qcj7/crypto_project_mobilecoin_advised_by_signal/,NaN
m462pm,Price Potential?,https://www.reddit.com/r/mobilecoin/comments/m462pm/price_potential/,benny_leather,1,2021-03-13 08:15:22,6,/r/mobilecoin/comments/m462pm/price_potential/,NaN
m47882,$MOB WALLET?,https://www.reddit.com/r/mobilecoin/comments/m47882/mob_wallet/,benny_leather,1,2021-03-13 09:22:34,4,/r/mobilecoin/comments/m47882/mob_wallet/,NaN
m48z96,P2P exchange?,https://www.reddit.com/r/mobilecoin/comments/m48z96/p2p_exchange/,Aggressive-Coach-985,1,2021-03-13 10:54:31,3,/r/mobilecoin/comments/m48z96/p2p_exchange/,NaN
m524dl,How many coins are there currently and what is the maximum?,https://www.reddit.com/r/mobilecoin/comments/m524dl/how_many_coins_are_there_currently_and_what_is/,CarnivoreMedia,1,2021-03-14 15:27:33,2,/r/mobilecoin/comments/m524dl/how_many_coins_are_there_currently_and_what_is/,NaN
m6b59f,Economic incentives for running a node?,https://www.reddit.com/r/mobilecoin/comments/m6b59f/economic_incentives_for_running_a_node/,Apprehensive-Fee-149,1,2021-03-16 11:06:44,4,/r/mobilecoin/comments/m6b59f/economic_incentives_for_running_a_node/,NaN
m6fll9,MobileCoin releases iOS and Android SDK's,https://www.reddit.com/r/mobilecoin/comments/m6fll9/mobilecoin_releases_ios_and_android_sdks/,DreamSupremeMOB,1,2021-03-16 14:19:55,0,/r/mobilecoin/comments/m6fll9/mobilecoin_releases_ios_and_android_sdks/,NaN
m6ildd,Why aren‚Äôt Americans allowed to even hold MobileCoin?,https://www.reddit.com/r/mobilecoin/comments/m6ildd/why_arent_americans_allowed_to_even_hold/,benny_leather,1,2021-03-16 16:29:17,5,/r/mobilecoin/comments/m6ildd/why_arent_americans_allowed_to_even_hold/,NaN
mf78js,MOB price increase last hours,https://www.reddit.com/r/mobilecoin/comments/mf78js/mob_price_increase_last_hours/,kutumaster,1,2021-03-28 14:53:43,16,/r/mobilecoin/comments/mf78js/mob_price_increase_last_hours/,NaN
mfiazc,Latest news from MOB,https://www.livebitcoinnews.com/mobile-coin-gets-its-hands-on-a-lot-of-new-money/,cryptofact,1,2021-03-29 01:13:44,0,/r/mobilecoin/comments/mfiazc/latest_news_from_mob/,NaN
mfibeu,Mobile Coin Gets Its Hands On a Lot of Money,https://www.livebitcoinnews.com/mobile-coin-gets-its-hands-on-a-lot-of-new-money/,cryptofact,1,2021-03-29 01:14:41,2,/r/mobilecoin/comments/mfibeu/mobile_coin_gets_its_hands_on_a_lot_of_money/,NaN
mfl4mg,coin distribution and market cap,https://www.reddit.com/r/mobilecoin/comments/mfl4mg/coin_distribution_and_market_cap/,Rnd3sB3g13rng,1,2021-03-29 04:47:54,6,/r/mobilecoin/comments/mfl4mg/coin_distribution_and_market_cap/,NaN
mfpnw3,Circulating supply of MOB?,https://www.reddit.com/r/mobilecoin/comments/mfpnw3/circulating_supply_of_mob/,leahcimual,1,2021-03-29 09:32:46,3,/r/mobilecoin/comments/mfpnw3/circulating_supply_of_mob/,NaN
mg1fvn,Now I‚Äôve heard that the creator or MOB also created Signal App and MOB is going to be the Signal currency... has anyone else heard that? Any truth to it?? Surprised it wouldn‚Äôt be called Signal coin or some play on that considering brand recognition and whatnot.. I just got in at $23....,https://www.reddit.com/r/mobilecoin/comments/mg1fvn/now_ive_heard_that_the_creator_or_mob_also/,Urbasm,1,2021-03-29 18:34:28,20,/r/mobilecoin/comments/mg1fvn/now_ive_heard_that_the_creator_or_mob_also/,NaN
mgjkca,Crypto whale stuck in $150M short squeeze during battle for tiny altcoin,https://protos.com/crypto-whale-short-seller-mobilecoin-ftx-ilikethecoin-gamestop/,cryptofact,1,2021-03-30 12:12:07,8,/r/mobilecoin/comments/mgjkca/crypto_whale_stuck_in_150m_short_squeeze_during/,NaN
mgjna4,Found a guide for easy way to purchase MobileCoin without exchange (DEX),https://www.reddit.com/r/mobilecoin/comments/mgjna4/found_a_guide_for_easy_way_to_purchase_mobilecoin/,opkas,1,2021-03-30 12:15:49,1,/r/mobilecoin/comments/mgjna4/found_a_guide_for_easy_way_to_purchase_mobilecoin/,NaN
mgkh6y,MobileCoin price action. News of Signal integration test?,https://www.reddit.com/gallery/mgkh6y,opkas,1,2021-03-30 12:53:21,1,/r/mobilecoin/comments/mgkh6y/mobilecoin_price_action_news_of_signal/,NaN
mgvzil,The bull case,https://www.reddit.com/r/mobilecoin/comments/mgvzil/the_bull_case/,flyingchicken99,1,2021-03-30 22:21:27,15,/r/mobilecoin/comments/mgvzil/the_bull_case/,NaN
mhfz35,Community Update,https://www.reddit.com/r/mobilecoin/comments/mhfz35/community_update/,easternbachelor,1,2021-03-31 17:16:48,10,/r/mobilecoin/comments/mhfz35/community_update/,NaN
mihx9m,Bitfinex lists MOB,https://twitter.com/cmcal_bot/status/1377646322388455425?s=24,cryptofact,1,2021-04-02 06:55:19,1,/r/mobilecoin/comments/mihx9m/bitfinex_lists_mob/,NaN
miinas,What does Mobilecoin use rather than proof of work?,https://www.reddit.com/r/mobilecoin/comments/miinas/what_does_mobilecoin_use_rather_than_proof_of_work/,PossiblyNotThatSmart,1,2021-04-02 07:43:57,7,/r/mobilecoin/comments/miinas/what_does_mobilecoin_use_rather_than_proof_of_work/,NaN
misg03,Livestream of MobileCoin Radio Director Da Moth DJ Set starting now!,https://www.reddit.com/r/mobilecoin/comments/misg03/livestream_of_mobilecoin_radio_director_da_moth/,JoshMobileCoin,1,2021-04-02 16:07:37,4,/r/mobilecoin/comments/misg03/livestream_of_mobilecoin_radio_director_da_moth/,NaN
mix7y5,MobileCoin Radio live right now!!,https://www.reddit.com/r/mobilecoin/comments/mix7y5/mobilecoin_radio_live_right_now/,JoshMobileCoin,1,2021-04-02 20:11:11,0,/r/mobilecoin/comments/mix7y5/mobilecoin_radio_live_right_now/,NaN
mjxmxx,What is the market cap of MobileCoin?,https://www.reddit.com/r/mobilecoin/comments/mjxmxx/what_is_the_market_cap_of_mobilecoin/,mybed54,1,2021-04-04 10:50:02,11,/r/mobilecoin/comments/mjxmxx/what_is_the_market_cap_of_mobilecoin/,NaN
mk2f02,Why converting MOB to USDT drops my total net USD value,https://www.reddit.com/r/mobilecoin/comments/mk2f02/why_converting_mob_to_usdt_drops_my_total_net_usd/,behmer123,1,2021-04-04 14:58:40,5,/r/mobilecoin/comments/mk2f02/why_converting_mob_to_usdt_drops_my_total_net_usd/,NaN
mkeogv,THIS WAS A SHORT SQUEEZE ON FTX,https://www.reddit.com/r/mobilecoin/comments/mkeogv/this_was_a_short_squeeze_on_ftx/,Alternative-Ad2734,1,2021-04-05 02:57:31,20,/r/mobilecoin/comments/mkeogv/this_was_a_short_squeeze_on_ftx/,NaN
mlffo2,Confirmed: MobileCoin and Signal,https://www.wired.com/story/signal-mobilecoin-payments-messaging-cryptocurrency/,opkas,1,2021-04-06 12:21:09,25,/r/mobilecoin/comments/mlffo2/confirmed_mobilecoin_and_signal/,NaN
mlg30h,Where to buy MobilCoin,https://www.reddit.com/r/mobilecoin/comments/mlg30h/where_to_buy_mobilcoin/,senorjocky,1,2021-04-06 12:49:15,14,/r/mobilecoin/comments/mlg30h/where_to_buy_mobilcoin/,NaN
mlgl32,FTX short seller has mostly closed their positions,https://www.reddit.com/r/mobilecoin/comments/mlgl32/ftx_short_seller_has_mostly_closed_their_positions/,Alternative-Ad2734,1,2021-04-06 13:11:25,0,/r/mobilecoin/comments/mlgl32/ftx_short_seller_has_mostly_closed_their_positions/,NaN
mlxp2x,Why is the price tanking?,https://www.reddit.com/r/mobilecoin/comments/mlxp2x/why_is_the_price_tanking/,Dopecoins,1,2021-04-07 04:38:48,0,/r/mobilecoin/comments/mlxp2x/why_is_the_price_tanking/,NaN
mlzpfr,What just happened?,https://www.reddit.com/r/mobilecoin/comments/mlzpfr/what_just_happened/,ObjectiveReplier,1,2021-04-07 07:10:55,2,/r/mobilecoin/comments/mlzpfr/what_just_happened/,NaN
mm0ai6,Mobilecoin - What I've gathered (because information is SCARCE),https://ruqqus.com/+cryptocurrency/post/9f5p/mobilecoin-what-ive-gathered-because-information,OsrsNeedsF2P,1,2021-04-07 07:49:59,8,/r/mobilecoin/comments/mm0ai6/mobilecoin_what_ive_gathered_because_information/,NaN
mm1hgs,Join the MobileCoin community on Discord!,https://discord.gg/Ej65xeHJG7,KantianCant,1,2021-04-07 08:58:31,0,/r/mobilecoin/comments/mm1hgs/join_the_mobilecoin_community_on_discord/,NaN
mm7ibz,how is this NOT a cash grab?,https://www.reddit.com/r/mobilecoin/comments/mm7ibz/how_is_this_not_a_cash_grab/,able-subzero,1,2021-04-07 13:40:05,18,/r/mobilecoin/comments/mm7ibz/how_is_this_not_a_cash_grab/,NaN
mmcs05,"If MobileCoin can be restored by a 4 to 8 digit seed, why couldn't it be brute forced to steal funds?",https://www.reddit.com/r/mobilecoin/comments/mmcs05/if_mobilecoin_can_be_restored_by_a_4_to_8_digit/,SpawnMagic,1,2021-04-07 17:45:00,7,/r/mobilecoin/comments/mmcs05/if_mobilecoin_can_be_restored_by_a_4_to_8_digit/,NaN
mmh63s,How can I buy this?,https://www.reddit.com/r/mobilecoin/comments/mmh63s/how_can_i_buy_this/,Neurojen03,1,2021-04-07 21:41:26,55,/r/mobilecoin/comments/mmh63s/how_can_i_buy_this/,NaN
mmmk2p,"On Tuesday at 10AM, Joshua Goldbard @ThePBXGuy will be doing an ama on r/Signal to answer questions about MobileCoin.",https://twitter.com/mobilecoin/status/1380036567029280770,mad-de,1,2021-04-08 03:33:32,2,/r/mobilecoin/comments/mmmk2p/on_tuesday_at_10am_joshua_goldbard_thepbxguy_will/,NaN
mmugsm,"[xpost to /r/signal] If anyone has anything to add here, I'd appreciate some understanding. Thank you!",/r/signal/comments/mmrlwe/i_dont_quite_understand_whats_going_on_please/,polosexual,1,2021-04-08 11:38:44,1,/r/mobilecoin/comments/mmugsm/xpost_to_rsignal_if_anyone_has_anything_to_add/,NaN
mn5uax,Monero fork? Whose mining it then?,https://www.reddit.com/r/mobilecoin/comments/mn5uax/monero_fork_whose_mining_it_then/,screenbr0k3,1,2021-04-08 20:48:47,4,/r/mobilecoin/comments/mn5uax/monero_fork_whose_mining_it_then/,NaN
mnd8z5,Has anyone successfully bought MOB from buymobilecoin.com?,https://www.reddit.com/r/mobilecoin/comments/mnd8z5/has_anyone_successfully_bought_mob_from/,markusjl,1,2021-04-09 05:08:04,4,/r/mobilecoin/comments/mnd8z5/has_anyone_successfully_bought_mob_from/,NaN
mnf4f2,üì°&lt;{[(HHHSDPU)]}&gt;üññüëΩ,https://i.redd.it/rww1thxtu4s61.gif,DVZ-MFKZ,1,2021-04-09 07:26:35,0,/r/mobilecoin/comments/mnf4f2/hhhsdpu/,NaN
mnh920,Did noone buy from buymobilecoin.com?,https://www.reddit.com/r/mobilecoin/comments/mnh920/did_noone_buy_from_buymobilecoincom/,markusjl,1,2021-04-09 09:31:12,0,/r/mobilecoin/comments/mnh920/did_noone_buy_from_buymobilecoincom/,NaN
mnoy1y,"For some in depth details, The Mechanics of MobileCoin",https://www.reddit.com/r/mobilecoin/comments/mnoy1y/for_some_in_depth_details_the_mechanics_of/,opkas,1,2021-04-09 15:39:21,0,/r/mobilecoin/comments/mnoy1y/for_some_in_depth_details_the_mechanics_of/,NaN
mqnn68,Maybe it‚Äôs an SEC thing?,https://www.reddit.com/r/mobilecoin/comments/mqnn68/maybe_its_an_sec_thing/,benny_leather,1,2021-04-14 06:20:18,12,/r/mobilecoin/comments/mqnn68/maybe_its_an_sec_thing/,NaN
mqnog3,An answer to some criticism of Mobilecoin's fairness of distribution/mining choices and communication (I am not connected to the Mobilecoin or Signal teams),https://www.reddit.com/r/mobilecoin/comments/mqnog3/an_answer_to_some_criticism_of_mobilecoins/,GordonHighlander1,1,2021-04-14 06:22:59,0,/r/mobilecoin/comments/mqnog3/an_answer_to_some_criticism_of_mobilecoins/,NaN
mrcs3i,Brian Armstrong on Twitter about MOB and Signal partnership.,https://twitter.com/brian_armstrong/status/1379858565922312193?s=21,cryptofact,1,2021-04-15 07:35:48,0,/r/mobilecoin/comments/mrcs3i/brian_armstrong_on_twitter_about_mob_and_signal/,NaN
mrm1ev,Brian Armstrong Coinbace CEO on Twitter about Signal and MOB!,https://twitter.com/brian_armstrong/status/1379858565922312193?s=21,cryptofact,1,2021-04-15 15:24:22,4,/r/mobilecoin/comments/mrm1ev/brian_armstrong_coinbace_ceo_on_twitter_about/,NaN
mtieax,buymobilecoin.com price - same as exchange + fee :(,https://www.reddit.com/r/mobilecoin/comments/mtieax/buymobilecoincom_price_same_as_exchange_fee/,crypto_hodler_moon,1,2021-04-18 14:27:10,5,/r/mobilecoin/comments/mtieax/buymobilecoincom_price_same_as_exchange_fee/,NaN
muwo7a,Can we buy MobileCoin in the US?,https://www.reddit.com/r/mobilecoin/comments/muwo7a/can_we_buy_mobilecoin_in_the_us/,Competitive-Hour-902,1,2021-04-20 14:16:19,7,/r/mobilecoin/comments/muwo7a/can_we_buy_mobilecoin_in_the_us/,NaN
mxgfh6,Still long on MoB! Discount double check,https://www.reddit.com/r/mobilecoin/comments/mxgfh6/still_long_on_mob_discount_double_check/,dadryp,1,2021-04-24 05:20:33,12,/r/mobilecoin/comments/mxgfh6/still_long_on_mob_discount_double_check/,NaN
mxicb5,Why are 85% of the coins in the hands of the founders? That's a huge no go for any coin,https://www.reddit.com/r/mobilecoin/comments/mxicb5/why_are_85_of_the_coins_in_the_hands_of_the/,markusjl,1,2021-04-24 07:45:20,14,/r/mobilecoin/comments/mxicb5/why_are_85_of_the_coins_in_the_hands_of_the/,NaN
my7sdi,HASHI INU New Shitcoin just for some dollar!,https://www.reddit.com/r/mobilecoin/comments/my7sdi/hashi_inu_new_shitcoin_just_for_some_dollar/,thehashbones,1,2021-04-25 08:56:40,0,/r/mobilecoin/comments/my7sdi/hashi_inu_new_shitcoin_just_for_some_dollar/,NaN
mygvjd,UK Users - Tell us how you tested MOB payments inside Signal app,https://www.reddit.com/r/mobilecoin/comments/mygvjd/uk_users_tell_us_how_you_tested_mob_payments/,barhom,1,2021-04-25 16:30:03,5,/r/mobilecoin/comments/mygvjd/uk_users_tell_us_how_you_tested_mob_payments/,NaN
mygx7z,Can the transaction fee be changed from 0.01 to something lower?,https://www.reddit.com/r/mobilecoin/comments/mygx7z/can_the_transaction_fee_be_changed_from_001_to/,barhom,1,2021-04-25 16:32:17,8,/r/mobilecoin/comments/mygx7z/can_the_transaction_fee_be_changed_from_001_to/,NaN
mzfige,Lowering MobileCoin Fees,https://www.reddit.com/r/mobilecoin/comments/mzfige/lowering_mobilecoin_fees/,JoshMobileCoin,1,2021-04-26 23:30:11,3,/r/mobilecoin/comments/mzfige/lowering_mobilecoin_fees/,NaN
n097b5,:( wish I bought mobile coin before March,https://www.reddit.com/r/mobilecoin/comments/n097b5/wish_i_bought_mobile_coin_before_march/,trying235,1,2021-04-28 03:10:40,7,/r/mobilecoin/comments/n097b5/wish_i_bought_mobile_coin_before_march/,NaN
n23rwk,doesn't look like my Ledger Nano S supports Mobilecoin. what can I do?,https://www.reddit.com/r/mobilecoin/comments/n23rwk/doesnt_look_like_my_ledger_nano_s_supports/,yessicaita,1,2021-04-30 17:22:52,14,/r/mobilecoin/comments/n23rwk/doesnt_look_like_my_ledger_nano_s_supports/,NaN
n284u5,What is different Signal and Mixin messenger same company?,https://www.reddit.com/r/mobilecoin/comments/n284u5/what_is_different_signal_and_mixin_messenger_same/,BLY-IMPRV,1,2021-04-30 21:23:01,5,/r/mobilecoin/comments/n284u5/what_is_different_signal_and_mixin_messenger_same/,NaN
n4z27n,How's the beta going?,https://www.reddit.com/r/mobilecoin/comments/n4z27n/hows_the_beta_going/,NoThanks93330,1,2021-05-04 17:39:01,19,/r/mobilecoin/comments/n4z27n/hows_the_beta_going/,NaN
n5n59v,MobileCoin Radio #009 This Friday!!,https://www.reddit.com/r/mobilecoin/comments/n5n59v/mobilecoin_radio_009_this_friday/,JoshMobileCoin,1,2021-05-05 14:38:03,2,/r/mobilecoin/comments/n5n59v/mobilecoin_radio_009_this_friday/,NaN
n5v6he,How can we prevent hyperinflation?,https://www.reddit.com/r/mobilecoin/comments/n5v6he/how_can_we_prevent_hyperinflation/,BLY-IMPRV,1,2021-05-05 20:45:25,11,/r/mobilecoin/comments/n5v6he/how_can_we_prevent_hyperinflation/,NaN
n5xhq9,What does meaning of this Logo?,https://i.redd.it/s0eqw7zgzex61.png,billyBly1,1,2021-05-05 22:51:32,0,/r/mobilecoin/comments/n5xhq9/what_does_meaning_of_this_logo/,NaN
n9cee2,MobileCoin‚Äôs environmental impact,https://medium.com/mobilecoin/mobilecoin-saves-on-environmental-footprint-483da1728518,opkas,1,2021-05-10 14:32:21,0,/r/mobilecoin/comments/n9cee2/mobilecoins_environmental_impact/,NaN
n9ceht,MobileCoin Saves on Environmental Impact,https://www.reddit.com/r/mobilecoin/comments/n9ceht/mobilecoin_saves_on_environmental_impact/,emmodog,1,2021-05-10 14:32:29,0,/r/mobilecoin/comments/n9ceht/mobilecoin_saves_on_environmental_impact/,NaN
na9gki,follow news and tweets about MobileCoin on coinfeeds,https://coinfeeds.io/coins/mobilecoin,coinfeeds-bot,1,2021-05-11 18:22:04,4,/r/mobilecoin/comments/na9gki/follow_news_and_tweets_about_mobilecoin_on/,NaN
natwsr,Announcing MobileCoin Drops Beta!,https://www.reddit.com/r/mobilecoin/comments/natwsr/announcing_mobilecoin_drops_beta/,emmodog,1,2021-05-12 13:11:36,2,/r/mobilecoin/comments/natwsr/announcing_mobilecoin_drops_beta/,NaN
nb36us,Better call Elon Musk‚Äôs people.,https://www.reddit.com/r/mobilecoin/comments/nb36us/better_call_elon_musks_people/,benny_leather,1,2021-05-12 19:57:22,6,/r/mobilecoin/comments/nb36us/better_call_elon_musks_people/,NaN
newl4v,Any news on when Mobilecoin will be available on Binance?,https://www.reddit.com/r/mobilecoin/comments/newl4v/any_news_on_when_mobilecoin_will_be_available_on/,ObjectiveReplier,1,2021-05-17 20:38:13,5,/r/mobilecoin/comments/newl4v/any_news_on_when_mobilecoin_will_be_available_on/,NaN
nfk806,MobileCoin‚Äôs key derivation upgrade to mnemonics,https://www.reddit.com/r/mobilecoin/comments/nfk806/mobilecoins_key_derivation_upgrade_to_mnemonics/,emmodog,1,2021-05-18 15:45:40,3,/r/mobilecoin/comments/nfk806/mobilecoins_key_derivation_upgrade_to_mnemonics/,NaN
ngctgr,MobileCoin's Ethos and Values,https://www.reddit.com/r/mobilecoin/comments/ngctgr/mobilecoins_ethos_and_values/,emmodog,1,2021-05-19 14:10:23,7,/r/mobilecoin/comments/ngctgr/mobilecoins_ethos_and_values/,NaN
nhhwsm,MOB,https://www.reddit.com/r/mobilecoin/comments/nhhwsm/mob/,billyBly1,1,2021-05-20 22:27:42,4,/r/mobilecoin/comments/nhhwsm/mob/,NaN
nhmk8g,"Signal Mentions Zcash, Lightning As Possible Options Signal Mentions Zcash, Lightning As Possible Options",https://cryptobriefing.com/signal-mentions-zcash-lightning-as-possible-options/,Haldane-FRS,1,2021-05-21 03:19:05,8,/r/mobilecoin/comments/nhmk8g/signal_mentions_zcash_lightning_as_possible/,NaN
nj8a07,"I have so many questions for coin masters, please help me",https://www.reddit.com/r/mobilecoin/comments/nj8a07/i_have_so_many_questions_for_coin_masters_please/,BLY-IMPRV,1,2021-05-23 09:57:59,13,/r/mobilecoin/comments/nj8a07/i_have_so_many_questions_for_coin_masters_please/,NaN
njbbmh,Long as ever on MOB,https://www.reddit.com/r/mobilecoin/comments/njbbmh/long_as_ever_on_mob/,dadryp,1,2021-05-23 12:31:55,8,/r/mobilecoin/comments/njbbmh/long_as_ever_on_mob/,NaN
nklgn5,Hello everyone!,https://www.reddit.com/r/mobilecoin/comments/nklgn5/hello_everyone/,EasyEntertainment920,1,2021-05-25 05:20:32,0,/r/mobilecoin/comments/nklgn5/hello_everyone/,NaN
nkzdbl,Some thoughts on adding to MOB position,https://www.reddit.com/r/mobilecoin/comments/nkzdbl/some_thoughts_on_adding_to_mob_position/,opkas,1,2021-05-25 16:33:36,7,/r/mobilecoin/comments/nkzdbl/some_thoughts_on_adding_to_mob_position/,NaN
nmhyhr,Is there anything MobileCoin can do about volatility?,https://www.reddit.com/r/mobilecoin/comments/nmhyhr/is_there_anything_mobilecoin_can_do_about/,NoThanks93330,1,2021-05-27 17:21:08,14,/r/mobilecoin/comments/nmhyhr/is_there_anything_mobilecoin_can_do_about/,NaN
nnc31c,Desktop (Windows) wallet?,https://www.reddit.com/r/mobilecoin/comments/nnc31c/desktop_windows_wallet/,tmnxeq,1,2021-05-28 21:01:16,6,/r/mobilecoin/comments/nnc31c/desktop_windows_wallet/,NaN
no1few,Does anyone care about Mobilecoin Radio?,https://www.reddit.com/r/mobilecoin/comments/no1few/does_anyone_care_about_mobilecoin_radio/,erjkbomm,1,2021-05-29 22:14:07,21,/r/mobilecoin/comments/no1few/does_anyone_care_about_mobilecoin_radio/,NaN
nsyn28,Hello everyone!,https://www.reddit.com/r/mobilecoin/comments/nsyn28/hello_everyone/,EasyEntertainment920,1,2021-06-05 11:48:32,0,/r/mobilecoin/comments/nsyn28/hello_everyone/,NaN
nvabxj,Verifying the MobileCoin Total Supply + Governance,https://medium.com/mobilecoin/mobilecoin-governance-fees-and-supply-60c11782eb0a,JoshMobileCoin,1,2021-06-08 14:04:57,0,/r/mobilecoin/comments/nvabxj/verifying_the_mobilecoin_total_supply_governance/,NaN
o1ggxl,New WormiCulture x MobileCoin Sticker Pack Just Launched!,https://www.reddit.com/r/mobilecoin/comments/o1ggxl/new_wormiculture_x_mobilecoin_sticker_pack_just/,emmodog,3,2021-06-16 17:47:27,1,/r/mobilecoin/comments/o1ggxl/new_wormiculture_x_mobilecoin_sticker_pack_just/,NaN
o2z0m9,MobileCoin Radio live right now!!,https://www.reddit.com/r/mobilecoin/comments/o2z0m9/mobilecoin_radio_live_right_now/,JoshMobileCoin,2,2021-06-18 16:06:43,3,/r/mobilecoin/comments/o2z0m9/mobilecoin_radio_live_right_now/,NaN
o41mi4,What do you know? Guys shitting on MobileCoin are caught embezzling money from their own community.,/r/btc/comments/o2lqch/as_monero_reels_from_another_embezzlement_scandal/,Zerg5,1,2021-06-20 05:12:17,3,/r/mobilecoin/comments/o41mi4/what_do_you_know_guys_shitting_on_mobilecoin_are/,NaN
o6h0dg,MobileCoin is the World's First Carbon-Negative Cryptocurrency,https://www.reddit.com/r/mobilecoin/comments/o6h0dg/mobilecoin_is_the_worlds_first_carbonnegative/,emmodog,1,2021-06-23 12:58:53,0,/r/mobilecoin/comments/o6h0dg/mobilecoin_is_the_worlds_first_carbonnegative/,NaN
o6nphb,Test your MobileCoin Wallet through a Beta Air Drop!,https://mobilecoinfoundation.medium.com/test-your-mobilecoin-wallet-through-a-beta-air-drop-7096b9dd9153,tmnxeq,1,2021-06-23 18:34:10,3,/r/mobilecoin/comments/o6nphb/test_your_mobilecoin_wallet_through_a_beta_air/,NaN
o9ogfy,"i dunno about you, but i'm really excited to start using mobilecoin",https://i.redd.it/sbr92nmwe1871.jpg,betasw1tch,1,2021-06-28 12:58:42,11,/r/mobilecoin/comments/o9ogfy/i_dunno_about_you_but_im_really_excited_to_start/,NaN
oarnlf,"I think, In the future, 1 mob &gt; 1 other coins, Not only the price, all the things! M O B",https://www.reddit.com/r/mobilecoin/comments/oarnlf/i_think_in_the_future_1_mob_1_other_coins_not/,BLY-IMPRV,1,2021-06-30 02:51:39,3,/r/mobilecoin/comments/oarnlf/i_think_in_the_future_1_mob_1_other_coins_not/,NaN
obbk4l,Introducing: Privacy is the New Celebrity! A new podcast from MobileCoin.,https://medium.com/mobilecoin/introducing-privacy-is-the-new-celebrity-ac7684e6f71b,dereksilva,1,2021-06-30 21:46:05,0,/r/mobilecoin/comments/obbk4l/introducing_privacy_is_the_new_celebrity_a_new/,NaN
obidpy,Phone case,https://www.reddit.com/r/mobilecoin/comments/obidpy/phone_case/,Practical-Grocery915,1,2021-07-01 05:47:32,0,/r/mobilecoin/comments/obidpy/phone_case/,NaN
obrnfi,Millions of people in the UK have access to MobileCoin today,https://twitter.com/matt8wilson/status/1410217250569740289?s=21,Cryptolotus,1,2021-07-01 14:12:52,5,/r/mobilecoin/comments/obrnfi/millions_of_people_in_the_uk_have_access_to/,NaN
oci80o,MobileCoin Radio + Coin Drop live right now,https://www.reddit.com/r/mobilecoin/comments/oci80o/mobilecoin_radio_coin_drop_live_right_now/,JoshMobileCoin,1,2021-07-02 16:05:34,3,/r/mobilecoin/comments/oci80o/mobilecoin_radio_coin_drop_live_right_now/,NaN
ocmfzp,Who else grabbed MOBot‚Äôs number during Mobilecoin Radio and chatted up the bot for free MOB?,https://i.redd.it/6bj33yh8yv871.jpg,betasw1tch,1,2021-07-02 19:39:54,6,/r/mobilecoin/comments/ocmfzp/who_else_grabbed_mobots_number_during_mobilecoin/,NaN
odsz9q,Seraphis Transaction Protocol (concept),https://www.reddit.com/r/mobilecoin/comments/odsz9q/seraphis_transaction_protocol_concept/,UkoeHB,1,2021-07-04 17:01:41,1,/r/mobilecoin/comments/odsz9q/seraphis_transaction_protocol_concept/,NaN
oe3ezi,$MOB users everywhere - https://imgflip.com/i/5evr2c,https://i.redd.it/hskio9za1d971.jpg,Ok_Adhesiveness_608,1,2021-07-05 05:07:55,4,/r/mobilecoin/comments/oe3ezi/mob_users_everywhere_httpsimgflipcomi5evr2c/,NaN
ofpmnt,"does u/Ok_Adhesiveness_608 think they're going to out meme me? no no, look at me...",https://i.redd.it/6djp7s6w8u971.jpg,betasw1tch,1,2021-07-07 15:01:33,0,/r/mobilecoin/comments/ofpmnt/does_uok_adhesiveness_608_think_theyre_going_to/,NaN
ofritb,MobileCoin Joins The Electronic Frontier Foundation as Organizational Member,https://medium.com/mobilecoin/mobilecoin-joins-the-electronic-frontier-foundation-aa00034600b3,dereksilva,1,2021-07-07 16:35:59,1,/r/mobilecoin/comments/ofritb/mobilecoin_joins_the_electronic_frontier/,News
og1dod,"Breaking: MobileCoin valued at $1B, raised $75M in VC funding",https://www.theinformation.com/articles/mobilecoin-which-powers-crypto-payments-on-signal-valued-at-1-billion,opkas,1,2021-07-08 02:12:58,12,/r/mobilecoin/comments/og1dod/breaking_mobilecoin_valued_at_1b_raised_75m_in_vc/,News
ogfbcl,$MOB Mobilecoin Users like...,https://i.redd.it/x6g0ezrxp1a71.jpg,Ok_Adhesiveness_608,1,2021-07-08 16:08:42,5,/r/mobilecoin/comments/ogfbcl/mob_mobilecoin_users_like/,NaN
ogh7pz,Just go,https://i.redd.it/zylan35w62a71.jpg,Werkt,1,2021-07-08 17:43:15,0,/r/mobilecoin/comments/ogh7pz/just_go/,NaN
oh1etq,soon millions of people will be feeling this way,https://i.redd.it/sopqk2o9b8a71.jpg,betasw1tch,1,2021-07-09 14:19:08,0,/r/mobilecoin/comments/oh1etq/soon_millions_of_people_will_be_feeling_this_way/,NaN
oh3mkb,MobileCoin Radio is Live!,https://www.twitch.tv/mobilecoinradio,dereksilva,1,2021-07-09 16:10:58,0,/r/mobilecoin/comments/oh3mkb/mobilecoin_radio_is_live/,NaN
oi8sjb,Explain?,https://www.reddit.com/r/mobilecoin/comments/oi8sjb/explain/,Notevensmart_,1,2021-07-11 13:33:27,7,/r/mobilecoin/comments/oi8sjb/explain/,NaN
ojt8wa,Wake up and use $MOB,https://i.redd.it/e2oyjjzgt2b71.jpg,Ok_Adhesiveness_608,1,2021-07-13 20:54:07,0,/r/mobilecoin/comments/ojt8wa/wake_up_and_use_mob/,NaN
ojv96w,"it was so easy, too üòå",https://i.redd.it/j7n2qr6je3b71.gif,betasw1tch,1,2021-07-13 22:52:27,9,/r/mobilecoin/comments/ojv96w/it_was_so_easy_too/,NaN
okwx92,MobileCoin in London,https://www.reddit.com/r/mobilecoin/comments/okwx92/mobilecoin_in_london/,JoshMobileCoin,1,2021-07-15 12:55:51,11,/r/mobilecoin/comments/okwx92/mobilecoin_in_london/,NaN
ome9iw,Is Moxie Jesus or Satan?,https://i.redd.it/t3t4en33oub71.jpg,ismoxiegod,1,2021-07-17 18:33:40,3,/r/mobilecoin/comments/ome9iw/is_moxie_jesus_or_satan/,NaN
omr3ds,He never lies.,https://i.redd.it/r7ptvj1y9zb71.jpg,Conantheanalyst,1,2021-07-18 10:03:17,1,/r/mobilecoin/comments/omr3ds/he_never_lies/,NaN
omxgud,How to use Twitch:,https://i.redd.it/xn9bnbgwv0c71.jpg,Conantheanalyst,1,2021-07-18 15:28:09,0,/r/mobilecoin/comments/omxgud/how_to_use_twitch/,NaN
onimd6,Lol,https://www.reddit.com/r/mobilecoin/comments/onimd6/lol/,[deleted],1,2021-07-19 13:19:20,0,/r/mobilecoin/comments/onimd6/lol/,News
onioc6,Lol,https://i.redd.it/nbsje2mae7c71.jpg,Heywhy003,1,2021-07-19 13:21:56,0,/r/mobilecoin/comments/onioc6/lol/,News
onlsye,I‚Äôm just saying...,https://i.redd.it/z6u0c32h58c71.jpg,iheartvietnam,1,2021-07-19 15:54:15,0,/r/mobilecoin/comments/onlsye/im_just_saying/,NaN
ooux5t,"MOB Air Drop for UK Signal Users: Friday, July 23, 2021",https://medium.com/mobilecoin/air-drop-uk-friday-july-23-ec1d06780f49,dereksilva,1,2021-07-21 13:40:05,1,/r/mobilecoin/comments/ooux5t/mob_air_drop_for_uk_signal_users_friday_july_23/,News
oov1ra,London MobileCoin Meetup (open bar!),https://www.reddit.com/r/mobilecoin/comments/oov1ra/london_mobilecoin_meetup_open_bar/,DustinMobileCoin,1,2021-07-21 13:46:29,8,/r/mobilecoin/comments/oov1ra/london_mobilecoin_meetup_open_bar/,NaN
op9tuo,DreamHost Adds Consensus Validator Nodes to MobileCoin MainNet,https://medium.com/mobilecoin/dreamhost-adds-consensus-validator-nodes-to-mobilecoin-mainnet-d0c4529d71fa,dereksilva,1,2021-07-22 04:38:21,0,/r/mobilecoin/comments/op9tuo/dreamhost_adds_consensus_validator_nodes_to/,News
opcb5s,When is‚Ä¶?,https://www.reddit.com/r/mobilecoin/comments/opcb5s/when_is/,benny_leather,1,2021-07-22 07:55:31,0,/r/mobilecoin/comments/opcb5s/when_is/,NaN
opcboi,When is this subreddit going to blow up like the r/dogecoin subreddit?,https://www.reddit.com/r/mobilecoin/comments/opcboi/when_is_this_subreddit_going_to_blow_up_like_the/,benny_leather,1,2021-07-22 07:56:32,9,/r/mobilecoin/comments/opcboi/when_is_this_subreddit_going_to_blow_up_like_the/,NaN
os0bdq,Mobilecoin radio hooked it up!,https://i.redd.it/jzko1qi2mkd71.jpg,Conantheanalyst,1,2021-07-26 10:53:36,0,/r/mobilecoin/comments/os0bdq/mobilecoin_radio_hooked_it_up/,NaN
otpchn,Any place i can stake or loan out my MoB,https://www.reddit.com/r/mobilecoin/comments/otpchn/any_place_i_can_stake_or_loan_out_my_mob/,dadryp,1,2021-07-28 23:14:11,7,/r/mobilecoin/comments/otpchn/any_place_i_can_stake_or_loan_out_my_mob/,NaN
otyyxn,Psssssst,https://i.redd.it/rseqctwg06e71.jpg,Conantheanalyst,1,2021-07-29 10:50:54,0,/r/mobilecoin/comments/otyyxn/psssssst/,NaN
ou2ln6,"Hi, I'm trying to send Mobilecoin from my Hotbit wallet to my Signal wallet but it keeps highlighting 'DecryptRSA' in red.",https://www.reddit.com/r/mobilecoin/comments/ou2ln6/hi_im_trying_to_send_mobilecoin_from_my_hotbit/,Darierl,1,2021-07-29 13:56:39,7,/r/mobilecoin/comments/ou2ln6/hi_im_trying_to_send_mobilecoin_from_my_hotbit/,NaN
ou9k4q,"MOBot Open Sourced, Gifts MOB to UK MobileCoin Radio Listeners",https://medium.com/mobilecoin/mobot-goes-open-source-gifts-mob-to-uk-mobilecoin-radio-listeners-d444b06c434f,betasw1tch,1,2021-07-29 20:03:56,1,/r/mobilecoin/comments/ou9k4q/mobot_open_sourced_gifts_mob_to_uk_mobilecoin/,News
ousvwt,7 hours of amazing DJ sets starting now + free mobilecoins!!,https://www.reddit.com/r/mobilecoin/comments/ousvwt/7_hours_of_amazing_dj_sets_starting_now_free/,JoshMobileCoin,1,2021-07-30 16:08:44,3,/r/mobilecoin/comments/ousvwt/7_hours_of_amazing_dj_sets_starting_now_free/,NaN
ovdaz0,Will mobilecoin ever be allowed in the USA?,https://www.reddit.com/r/mobilecoin/comments/ovdaz0/will_mobilecoin_ever_be_allowed_in_the_usa/,erjkbomm,1,2021-07-31 15:24:56,9,/r/mobilecoin/comments/ovdaz0/will_mobilecoin_ever_be_allowed_in_the_usa/,NaN
oxyykv,MOBot Merch Drop: Lunar Crew Hoodie,https://medium.com/mobilecoin/mobot-merch-drop-lunar-crew-hoodie-668326f82b3b,dereksilva,1,2021-08-04 14:26:00,8,/r/mobilecoin/comments/oxyykv/mobot_merch_drop_lunar_crew_hoodie/,NaN
p17992,We got $MOB users everywhere!,https://i.redd.it/7jfbzo8ckdg71.jpg,Mediocre-Art-6136,1,2021-08-09 14:23:26,1,/r/mobilecoin/comments/p17992/we_got_mob_users_everywhere/,NaN
p1tbe5,Its best whispered,https://i.redd.it/4tvfowtw9kg71.jpg,CryptoOversee,1,2021-08-10 12:57:04,0,/r/mobilecoin/comments/p1tbe5/its_best_whispered/,NaN
p1wfw4,Latest tweet on MOBot,https://i.redd.it/9vokcm771lg71.png,Ostermun,1,2021-08-10 15:30:54,2,/r/mobilecoin/comments/p1wfw4/latest_tweet_on_mobot/,NaN
p1y94v,Just found out about MOB,https://www.reddit.com/r/mobilecoin/comments/p1y94v/just_found_out_about_mob/,tcjx,1,2021-08-10 17:03:01,4,/r/mobilecoin/comments/p1y94v/just_found_out_about_mob/,NaN
p1yqm1,Wen payment support in Signal for other countries?,https://www.reddit.com/r/mobilecoin/comments/p1yqm1/wen_payment_support_in_signal_for_other_countries/,kareldonk369,1,2021-08-10 17:27:52,17,/r/mobilecoin/comments/p1yqm1/wen_payment_support_in_signal_for_other_countries/,NaN
p2hdjy,Why privacy coins?,https://cryptoinsightt.substack.com/p/why-privacy-coins,kareldonk369,1,2021-08-11 13:09:14,1,/r/mobilecoin/comments/p2hdjy/why_privacy_coins/,NaN
p2jn2r,"Starting next week, the weekly MobileCoin Radio live stream will take place on Wednesdays from 12 PM PST (San Francisco) / 8 PM BST (London.) - No show this Friday.",https://i.redd.it/awefyxfl0sg71.gif,Ostermun,1,2021-08-11 14:59:30,1,/r/mobilecoin/comments/p2jn2r/starting_next_week_the_weekly_mobilecoin_radio/,NaN
p2xyam,What's the hold up?,https://www.reddit.com/r/mobilecoin/comments/p2xyam/whats_the_hold_up/,wuhland,1,2021-08-12 07:31:07,24,/r/mobilecoin/comments/p2xyam/whats_the_hold_up/,NaN
p3sazy,If you want free $MOB easy watch MobileCoin Radio on Wednesdays 8 PM BST London,https://i.redd.it/jw13156jf6h71.jpg,Mediocre-Art-6136,1,2021-08-13 15:31:16,0,/r/mobilecoin/comments/p3sazy/if_you_want_free_mob_easy_watch_mobilecoin_radio/,NaN
p3scla,If you want free $MOB easy watch MobileCoin Radio on Wednesdays 8 PM BST London,https://i.redd.it/pwv2mo4kg6h71.jpg,Mediocre-Art-6136,1,2021-08-13 15:33:34,6,/r/mobilecoin/comments/p3scla/if_you_want_free_mob_easy_watch_mobilecoin_radio/,NaN
p3syj6,BoondokMusic will be appearing on Mobilecoin Radio on Wednesday 18th August,https://i.redd.it/wwbk6xwrl6h71.png,Ostermun,1,2021-08-13 16:04:44,0,/r/mobilecoin/comments/p3syj6/boondokmusic_will_be_appearing_on_mobilecoin/,NaN
p5n2xn,"With Coinbase's listing relay ongoing, here are the projects Coinbase is considering, and projects that are related to Custody and Coinbase Ventures",https://i.redd.it/7mux75shtrh71.jpg,yaongie_00,1,2021-08-16 15:23:29,3,/r/mobilecoin/comments/p5n2xn/with_coinbases_listing_relay_ongoing_here_are_the/,NaN
p62pwr,Free Mobilecoin drops confirmed for tomorrow,https://i.redd.it/eehv1b7kvwh71.png,Ostermun,1,2021-08-17 08:25:04,0,/r/mobilecoin/comments/p62pwr/free_mobilecoin_drops_confirmed_for_tomorrow/,NaN
p640g0,Tell your friends.,https://i.redd.it/p8c5kmuc9xh71.jpg,iheartvietnam,1,2021-08-17 09:41:13,0,/r/mobilecoin/comments/p640g0/tell_your_friends/,NaN
p65geh,10s ?,https://i.redd.it/ky5katbumxh71.jpg,CryptoOversee,1,2021-08-17 10:58:38,0,/r/mobilecoin/comments/p65geh/10s/,NaN
p67a63,MobileCoin officialy available in the USA,https://www.reddit.com/r/mobilecoin/comments/p67a63/mobilecoin_officialy_available_in_the_usa/,celeardoor,1,2021-08-17 12:27:04,28,/r/mobilecoin/comments/p67a63/mobilecoin_officialy_available_in_the_usa/,NaN
p6s52w,MobileCoin Raises $66M to Build Out Privacy-Focused Payments Tech,https://www.coindesk.com/mobilecoin-raises-66m-to-build-out-privacy-focused-payments-tech,dereksilva,1,2021-08-18 10:22:18,4,/r/mobilecoin/comments/p6s52w/mobilecoin_raises_66m_to_build_out_privacyfocused/,News
p729vp,I think this will be the best choice!,https://i.redd.it/79ve11te47i71.jpg,Mediocre-Art-6136,1,2021-08-18 18:51:52,0,/r/mobilecoin/comments/p729vp/i_think_this_will_be_the_best_choice/,NaN
p7dj8v,Market investment Analysis of An Older Private Payment Project MobileCoin (MOB),https://medium.com/@PrimeBlockV/market-investment-analysis-of-an-older-private-payment-project-mobilecoin-mob-6bbdeca2fa19,Block_Topia,1,2021-08-19 08:07:37,1,/r/mobilecoin/comments/p7dj8v/market_investment_analysis_of_an_older_private/,NaN
p7hwus,Superquick eh!,https://i.redd.it/86u813ax9ci71.jpg,CryptoOversee,1,2021-08-19 12:11:09,0,/r/mobilecoin/comments/p7hwus/superquick_eh/,NaN
p7ilpv,"To celebrate the @mobilecoin English group created on Mixin Messenger, we prepare a $MOB giveaway",https://twitter.com/Mixin_Network/status/1428309795631558657,klpu,1,2021-08-19 12:46:04,4,/r/mobilecoin/comments/p7ilpv/to_celebrate_the_mobilecoin_english_group_created/,NaN
p7lrd5,Not sure how to get MOB? We‚Äôve got answers: (FTX functionality not yet live in the US),https://twitter.com/mobilecoin/status/1428435212799811593?s=21,Haldane-FRS,1,2021-08-19 15:27:37,0,/r/mobilecoin/comments/p7lrd5/not_sure_how_to_get_mob_weve_got_answers_ftx/,NaN
p89llt,The dream!,https://i.redd.it/cfz31oq6qji71.jpg,Conantheanalyst,11,2021-08-20 13:14:45,7,/r/mobilecoin/comments/p89llt/the_dream/,NaN
p8cz9m,When that direct deposit hits,https://i.redd.it/57udkvytlki71.jpg,Conantheanalyst,4,2021-08-20 16:12:40,0,/r/mobilecoin/comments/p8cz9m/when_that_direct_deposit_hits/,NaN
p8jh5l,"Should I write a homoerotic MobileCoin fanfic involving Josh, Eric, and SBF? I‚Äôm thinking it‚Äôll be a love triangle with SBF being the dom and ‚ÄúSOON I SWEAR THIS TIME‚Äù being the safeword",https://www.reddit.com/r/mobilecoin/comments/p8jh5l/should_i_write_a_homoerotic_mobilecoin_fanfic/,NeoliberalChad,0,2021-08-20 22:43:17,1,/r/mobilecoin/comments/p8jh5l/should_i_write_a_homoerotic_mobilecoin_fanfic/,NaN
p8o0r3,Hella Bullish,https://i.redd.it/0oan6aayboi71.jpg,benny_leather,3,2021-08-21 04:43:54,2,/r/mobilecoin/comments/p8o0r3/hella_bullish/,NaN
p8ptgi,"MobileCoin video by ""Kurzgesagt"" makers",https://mobilecoinfoundation.medium.com/welcome-to-mobilecoin-e76bdd256ede,CaraszGaladhon,1,2021-08-21 07:27:52,0,/r/mobilecoin/comments/p8ptgi/mobilecoin_video_by_kurzgesagt_makers/,NaN
p94mp2,Loving the way MobileCoin is tweeting right now!,https://twitter.com/mobilecoin/status/1429240515581468675?s=21,Cryptolotus,1,2021-08-21 22:47:32,3,/r/mobilecoin/comments/p94mp2/loving_the_way_mobilecoin_is_tweeting_right_now/,NaN
p9d635,Save the trees!,https://i.redd.it/3xsl7qfo3xi71.jpg,iheartvietnam,1,2021-08-22 10:13:31,3,/r/mobilecoin/comments/p9d635/save_the_trees/,NaN
p9g1yz,Isn‚Äôt it ironic that the only official ‚ÄúMobile‚ÄùCoin client is a desktop wallet?,https://www.reddit.com/r/mobilecoin/comments/p9g1yz/isnt_it_ironic_that_the_only_official_mobilecoin/,Cryptolotus,1,2021-08-22 12:53:14,5,/r/mobilecoin/comments/p9g1yz/isnt_it_ironic_that_the_only_official_mobilecoin/,NaN
p9l35z,Como comprar MobileCoin (MOB) y obtener un BONUS de $30,https://comprandocriptomonedas.blogspot.com/2021/08/como-comprar-mobilecoin-mob-y-obtener.html,TheWitch07,1,2021-08-22 17:12:22,0,/r/mobilecoin/comments/p9l35z/como_comprar_mobilecoin_mob_y_obtener_un_bonus_de/,NaN
p9tl30,WhatsApp rolls out new payment feature,https://www.geo.tv/amp/366566-whatsapp-rolls-out-new-feature-to-quickly-send-payments,mad-de,1,2021-08-23 01:52:16,0,/r/mobilecoin/comments/p9tl30/whatsapp_rolls_out_new_payment_feature/,News
pa26zb,Just relax my friend and listen #MobileCoinRadio $MOB,https://i.redd.it/ki78gyh8m4j71.jpg,Mediocre-Art-6136,1,2021-08-23 11:31:01,0,/r/mobilecoin/comments/pa26zb/just_relax_my_friend_and_listen_mobilecoinradio/,NaN
pa29cy,Just relax my friend and listen #MobileCoinRadio $MOB,https://i.redd.it/t5k2smpxm4j71.jpg,Mediocre-Art-6136,1,2021-08-23 11:34:13,0,/r/mobilecoin/comments/pa29cy/just_relax_my_friend_and_listen_mobilecoinradio/,NaN
paahym,Want to buy MOB?,https://www.reddit.com/r/mobilecoin/comments/paahym/want_to_buy_mob/,emmodog,1,2021-08-23 18:34:06,9,/r/mobilecoin/comments/paahym/want_to_buy_mob/,NaN
paysih,MobileCoin Radio starts in 45 minutes! || Plus another UK MOB Air Drop: Wednesday 8/25 during the show,https://medium.com/mobilecoin/uk-mob-air-drop-wednesday-8-25-e2827357095,dereksilva,1,2021-08-24 19:17:07,0,/r/mobilecoin/comments/paysih/mobilecoin_radio_starts_in_45_minutes_plus/,Air Drop
paz16t,"UK MOB Air Drop: Wednesday 8/25 during MobileCoin Radio || 12pm PDT, 20:00 BST",https://medium.com/mobilecoin/uk-mob-air-drop-wednesday-8-25-e2827357095/,dereksilva,1,2021-08-24 19:30:39,3,/r/mobilecoin/comments/paz16t/uk_mob_air_drop_wednesday_825_during_mobilecoin/,Air Drop
pbi9v6,Watch MobileCoin Radio now and get free MOB if you're in the UK!,https://www.reddit.com/r/mobilecoin/comments/pbi9v6/watch_mobilecoin_radio_now_and_get_free_mob_if/,emmodog,1,2021-08-25 15:19:35,9,/r/mobilecoin/comments/pbi9v6/watch_mobilecoin_radio_now_and_get_free_mob_if/,NaN
pbl8p0,Any place in the Manchester / Sheffield / Leeds area accepting MOB?,https://www.reddit.com/r/mobilecoin/comments/pbl8p0/any_place_in_the_manchester_sheffield_leeds_area/,mad-de,1,2021-08-25 17:46:59,1,/r/mobilecoin/comments/pbl8p0/any_place_in_the_manchester_sheffield_leeds_area/,NaN
pbll9s,Check out MobileCoin CEO Joshua Goldbard on Cheddar TV,https://www.reddit.com/r/mobilecoin/comments/pbll9s/check_out_mobilecoin_ceo_joshua_goldbard_on/,emmodog,1,2021-08-25 18:04:34,7,/r/mobilecoin/comments/pbll9s/check_out_mobilecoin_ceo_joshua_goldbard_on/,NaN
pbm71p,Mobielcoin features $MOB,https://i.redd.it/dm8pokjizkj71.jpg,Mediocre-Art-6136,1,2021-08-25 18:34:43,1,/r/mobilecoin/comments/pbm71p/mobielcoin_features_mob/,NaN
pc7d5q,McQueen in Action,https://i.redd.it/v2qqytlydrj71.png,CryptoOversee,1,2021-08-26 16:05:32,1,/r/mobilecoin/comments/pc7d5q/mcqueen_in_action/,NaN
pc8ul7,The latest MobileCoin Podcast episode Privacy is the New Celebrity is live featuring Jon Swartz!,https://www.reddit.com/r/mobilecoin/comments/pc8ul7/the_latest_mobilecoin_podcast_episode_privacy_is/,emmodog,1,2021-08-26 17:18:49,0,/r/mobilecoin/comments/pc8ul7/the_latest_mobilecoin_podcast_episode_privacy_is/,NaN
pfd6iv,"Whatsapp rival Signal adds Crypto payments feature, BULLISH!",/r/CryptoCurrency/comments/pf2v3o/whatsapp_rival_signal_adds_crypto_payments/,mad-de,1,2021-08-31 15:39:31,0,/r/mobilecoin/comments/pfd6iv/whatsapp_rival_signal_adds_crypto_payments/,NaN
pfghcd,Another MOB drop tomorrow on MobileCoin Radio!,https://www.reddit.com/r/mobilecoin/comments/pfghcd/another_mob_drop_tomorrow_on_mobilecoin_radio/,emmodog,1,2021-08-31 18:30:49,4,/r/mobilecoin/comments/pfghcd/another_mob_drop_tomorrow_on_mobilecoin_radio/,NaN
pg2k8p,Why MobileCoin is not releasing Circulating Supply Details?,https://www.reddit.com/r/mobilecoin/comments/pg2k8p/why_mobilecoin_is_not_releasing_circulating/,Hairy_Addendum_7795,1,2021-09-01 16:38:55,0,/r/mobilecoin/comments/pg2k8p/why_mobilecoin_is_not_releasing_circulating/,NaN
pgj26k,Get it straight!,https://i.redd.it/zczhapkwo3l71.jpg,CryptoOversee,1,2021-09-02 10:31:30,0,/r/mobilecoin/comments/pgj26k/get_it_straight/,NaN
pgtrt6,"Get to know more of the MobileCoin Team! Spotlight - Brian Corbin, MobileCoin Software Engineer",https://www.reddit.com/r/mobilecoin/comments/pgtrt6/get_to_know_more_of_the_mobilecoin_team_spotlight/,emmodog,1,2021-09-02 19:58:39,6,/r/mobilecoin/comments/pgtrt6/get_to_know_more_of_the_mobilecoin_team_spotlight/,NaN
ph1t2i,buymobilecoin.com has launched,https://www.reddit.com/r/mobilecoin/comments/ph1t2i/buymobilecoincom_has_launched/,etan1,1,2021-09-03 05:32:25,30,/r/mobilecoin/comments/ph1t2i/buymobilecoincom_has_launched/,NaN
ph4t2j,"MOB integration for signal is coming to Germany, Switzerland and France",https://github.com/signalapp/Signal-Android/commit/1241f4c0e95023d0995c2c07bae43ec68338d7fc,NoThanks93330,1,2021-09-03 09:07:20,21,/r/mobilecoin/comments/ph4t2j/mob_integration_for_signal_is_coming_to_germany/,NaN
pjecoj,Why Token Metrics is Hidden for MobileCoin?,https://www.reddit.com/r/mobilecoin/comments/pjecoj/why_token_metrics_is_hidden_for_mobilecoin/,Hairy_Addendum_7795,1,2021-09-06 22:50:28,0,/r/mobilecoin/comments/pjecoj/why_token_metrics_is_hidden_for_mobilecoin/,NaN
pjed8d,Why Token Metrics is Hidden for MobileCoin?,https://www.reddit.com/r/mobilecoin/comments/pjed8d/why_token_metrics_is_hidden_for_mobilecoin/,Hairy_Addendum_7795,1,2021-09-06 22:51:29,0,/r/mobilecoin/comments/pjed8d/why_token_metrics_is_hidden_for_mobilecoin/,NaN
pjt3ur,love you Granny! $MOB,https://i.redd.it/hm4p34ntl4m71.jpg,Mediocre-Art-6136,1,2021-09-07 14:40:30,2,/r/mobilecoin/comments/pjt3ur/love_you_granny_mob/,NaN
pjtaoq,love you granny! $MOB,https://i.redd.it/wt6icidln4m71.jpg,Ok_Adhesiveness_608,1,2021-09-07 14:50:10,0,/r/mobilecoin/comments/pjtaoq/love_you_granny_mob/,NaN
pk30ku,Why doesn‚Äôt mobile coin clarify the circulating supply on Coin Market Cap?‚Ä¶some clarity on the market valuation would create good exposure for the coin.,https://www.reddit.com/r/mobilecoin/comments/pk30ku/why_doesnt_mobile_coin_clarify_the_circulating/,sas9953,1,2021-09-07 23:56:27,11,/r/mobilecoin/comments/pk30ku/why_doesnt_mobile_coin_clarify_the_circulating/,NaN
pkgyaa,MobileCoin Radio is live now! Get your MOB on today's show,https://www.reddit.com/r/mobilecoin/comments/pkgyaa/mobilecoin_radio_is_live_now_get_your_mob_on/,emmodog,1,2021-09-08 15:04:13,0,/r/mobilecoin/comments/pkgyaa/mobilecoin_radio_is_live_now_get_your_mob_on/,NaN
pkwo49,Lunch Solved!,https://i.redd.it/ltw8q6sczgm71.png,CryptoOversee,1,2021-09-09 08:18:37,0,/r/mobilecoin/comments/pkwo49/lunch_solved/,NaN
pkwqfv,Lunch Solved!,https://i.redd.it/e4u0uy750hm71.png,CryptoOversee,1,2021-09-09 08:22:47,3,/r/mobilecoin/comments/pkwqfv/lunch_solved/,NaN
pkynwi,mob exchange listings,https://www.reddit.com/r/mobilecoin/comments/pkynwi/mob_exchange_listings/,ipandabear1,1,2021-09-09 10:15:51,7,/r/mobilecoin/comments/pkynwi/mob_exchange_listings/,NaN
pnb3s7,"I downloaded and ran the wallet on a Mac OS 10.11x version of the old computer, but why can't I proceed?",https://v.redd.it/lv0ec2dn98n71,BLY-IMPRV,1,2021-09-13 04:03:19,2,/r/mobilecoin/comments/pnb3s7/i_downloaded_and_ran_the_wallet_on_a_mac_os_1011x/,NaN
pnfv5y,"MobileCoin AMA on Mixin Messenger Sep 14, at 17:00 PT",https://www.reddit.com/r/mobilecoin/comments/pnfv5y/mobilecoin_ama_on_mixin_messenger_sep_14_at_1700/,Kelly_XU,1,2021-09-13 09:51:46,5,/r/mobilecoin/comments/pnfv5y/mobilecoin_ama_on_mixin_messenger_sep_14_at_1700/,NaN
png0z3,What MobileCoin feature or capability are you most excited about using?,https://www.reddit.com/r/mobilecoin/comments/png0z3/what_mobilecoin_feature_or_capability_are_you/,dereksilva,1,2021-09-13 10:00:14,4,/r/mobilecoin/comments/png0z3/what_mobilecoin_feature_or_capability_are_you/,NaN
po8kfc,Secure tranfers only on MobileCoin $MOB,https://i.redd.it/0asyggc1iin71.jpg,Mediocre-Art-6136,1,2021-09-14 14:29:05,0,/r/mobilecoin/comments/po8kfc/secure_tranfers_only_on_mobilecoin_mob/,NaN
po92zo,Secure tranfers only on MobileCoin $MOB,https://i.redd.it/fnxwo9symin71.jpg,Mediocre-Art-6136,1,2021-09-14 14:55:41,0,/r/mobilecoin/comments/po92zo/secure_tranfers_only_on_mobilecoin_mob/,NaN
po94ba,Secure transfers only on MobileCoin $MOB,https://i.redd.it/88yrqw18nin71.jpg,Mediocre-Art-6136,1,2021-09-14 14:57:34,4,/r/mobilecoin/comments/po94ba/secure_transfers_only_on_mobilecoin_mob/,NaN
poetfp,Live Mixin Q&amp;A Starting Now!,https://www.reddit.com/r/mobilecoin/comments/poetfp/live_mixin_qa_starting_now/,JoshMobileCoin,1,2021-09-14 20:03:02,1,/r/mobilecoin/comments/poetfp/live_mixin_qa_starting_now/,NaN
poftop,Yo Mobilecoiners! Let's get the party started!,https://www.reddit.com/r/mobilecoin/comments/poftop/yo_mobilecoiners_lets_get_the_party_started/,Sammy_Max,1,2021-09-14 21:04:57,0,/r/mobilecoin/comments/poftop/yo_mobilecoiners_lets_get_the_party_started/,News
pov4o3,MobileCoin gets a shoutout in Android Police!,https://www.reddit.com/r/mobilecoin/comments/pov4o3/mobilecoin_gets_a_shoutout_in_android_police/,emmodog,1,2021-09-15 13:47:27,1,/r/mobilecoin/comments/pov4o3/mobilecoin_gets_a_shoutout_in_android_police/,NaN
pow3cn,"Check out Josh Goldbard, MobileCoin CEO and Founder on Coindesk TV!",https://www.reddit.com/r/mobilecoin/comments/pow3cn/check_out_josh_goldbard_mobilecoin_ceo_and/,emmodog,1,2021-09-15 14:36:22,4,/r/mobilecoin/comments/pow3cn/check_out_josh_goldbard_mobilecoin_ceo_and/,NaN
pp8ge6,MobileCoin Publishes Circulating Supply?,https://coinmarketcap.com/currencies/mobilecoin/,Cryptolotus,1,2021-09-16 03:13:25,7,/r/mobilecoin/comments/pp8ge6/mobilecoin_publishes_circulating_supply/,NaN
ppblgx,$MOB vs $MOB stablecoin,https://www.reddit.com/r/mobilecoin/comments/ppblgx/mob_vs_mob_stablecoin/,benny_leather,1,2021-09-16 07:37:35,4,/r/mobilecoin/comments/ppblgx/mob_vs_mob_stablecoin/,NaN
ppd2tr,Josh said what I said,https://www.reddit.com/r/mobilecoin/comments/ppd2tr/josh_said_what_i_said/,benny_leather,1,2021-09-16 09:14:29,6,/r/mobilecoin/comments/ppd2tr/josh_said_what_i_said/,NaN
ppjxij,MobileCoin joins the Blockchain Association,https://medium.com/mobilecoin/mobilecoin-joins-the-blockchain-association-6404928912e5,dereksilva,1,2021-09-16 15:14:22,0,/r/mobilecoin/comments/ppjxij/mobilecoin_joins_the_blockchain_association/,News
pqwa5e,MobileCoin NYC Meetup Tuesday Sept 21st,https://www.reddit.com/r/mobilecoin/comments/pqwa5e/mobilecoin_nyc_meetup_tuesday_sept_21st/,DustinMobileCoin,1,2021-09-18 18:48:56,0,/r/mobilecoin/comments/pqwa5e/mobilecoin_nyc_meetup_tuesday_sept_21st/,NaN
prqx0o,My payment plan everyday,https://i.redd.it/epdkhltohmo71.png,CryptoOversee,1,2021-09-20 04:57:48,0,/r/mobilecoin/comments/prqx0o/my_payment_plan_everyday/,NaN
ptsi7w,Is there discord or telegram group for this project?,https://www.reddit.com/r/mobilecoin/comments/ptsi7w/is_there_discord_or_telegram_group_for_this/,astrocatx,1,2021-09-23 06:43:16,3,/r/mobilecoin/comments/ptsi7w/is_there_discord_or_telegram_group_for_this/,NaN
ptxadr,my friend Bukele knows! $MOB,https://i.redd.it/y4qjbomqq9p71.png,Mediocre-Art-6136,1,2021-09-23 11:09:28,0,/r/mobilecoin/comments/ptxadr/my_friend_bukele_knows_mob/,NaN
pugzgh,Will mob in Mixin wallet be safe given China‚Äôs crackdown on all crypto activities? What will happen to Mixin wallets held in other countries?,https://www.reddit.com/r/mobilecoin/comments/pugzgh/will_mob_in_mixin_wallet_be_safe_given_chinas/,benny_leather,1,2021-09-24 06:31:11,1,/r/mobilecoin/comments/pugzgh/will_mob_in_mixin_wallet_be_safe_given_chinas/,NaN
puqwsf,Chinese central bank calls all crypto transactions illegal and takes action,/r/Monero/comments/puqvyr/chinese_central_bank_calls_all_crypto/,kareldonk369,1,2021-09-24 15:34:29,0,/r/mobilecoin/comments/puqwsf/chinese_central_bank_calls_all_crypto/,NaN
pv82a4,MobileCoin now available in Signal in more regions than just UK üíéüôå,https://i.redd.it/7hduexfvvnp71.jpg,etan1,1,2021-09-25 10:42:42,8,/r/mobilecoin/comments/pv82a4/mobilecoin_now_available_in_signal_in_more/,NaN
pwrdyh,Check out our updated Blog/News section on mobilecoin.com and mobilecoinradio.com!,https://www.reddit.com/r/mobilecoin/comments/pwrdyh/check_out_our_updated_blognews_section_on/,emmodog,1,2021-09-27 17:44:12,5,/r/mobilecoin/comments/pwrdyh/check_out_our_updated_blognews_section_on/,NaN
px23c7,Get some $MOB!,https://i.redd.it/3royfkw6j7q71.jpg,Sammy_Max,1,2021-09-28 04:47:15,1,/r/mobilecoin/comments/px23c7/get_some_mob/,News
pxjr2q,Any luck transferring MOB from FTX to Mobilecoin desktop wallet?,https://www.reddit.com/r/mobilecoin/comments/pxjr2q/any_luck_transferring_mob_from_ftx_to_mobilecoin/,wuhland,1,2021-09-28 20:28:27,6,/r/mobilecoin/comments/pxjr2q/any_luck_transferring_mob_from_ftx_to_mobilecoin/,NaN
pxvt1p,What did you buy with MOB,https://www.reddit.com/r/mobilecoin/comments/pxvt1p/what_did_you_buy_with_mob/,wuhland,1,2021-09-29 09:51:03,16,/r/mobilecoin/comments/pxvt1p/what_did_you_buy_with_mob/,NaN
py2fd1,MobileCoin Radio Show is live now! Get crunchy with us!,https://www.reddit.com/r/mobilecoin/comments/py2fd1/mobilecoin_radio_show_is_live_now_get_crunchy/,emmodog,1,2021-09-29 15:13:12,0,/r/mobilecoin/comments/py2fd1/mobilecoin_radio_show_is_live_now_get_crunchy/,NaN
pyms8d,Are you enjoying the music and artists featured on MobileCoin Radio?,https://www.reddit.com/r/mobilecoin/comments/pyms8d/are_you_enjoying_the_music_and_artists_featured/,dereksilva,1,2021-09-30 12:00:15,3,/r/mobilecoin/comments/pyms8d/are_you_enjoying_the_music_and_artists_featured/,NaN
q0ih6o,When MOB can pay in South Korea? And there is any idea of create Card payment system?,https://www.reddit.com/r/mobilecoin/comments/q0ih6o/when_mob_can_pay_in_south_korea_and_there_is_any/,BLY-IMPRV,1,2021-10-03 10:09:25,0,/r/mobilecoin/comments/q0ih6o/when_mob_can_pay_in_south_korea_and_there_is_any/,NaN
q0tlok,What is the strongest case for MOB Signal integration given existence of Monero which has greater adoption?,https://www.reddit.com/r/mobilecoin/comments/q0tlok/what_is_the_strongest_case_for_mob_signal/,kitanohara,1,2021-10-03 19:38:23,10,/r/mobilecoin/comments/q0tlok/what_is_the_strongest_case_for_mob_signal/,NaN
q0zqvy,How to buy Mobilecoin in the US?,https://www.reddit.com/r/mobilecoin/comments/q0zqvy/how_to_buy_mobilecoin_in_the_us/,Buckeye1234,1,2021-10-04 02:13:42,0,/r/mobilecoin/comments/q0zqvy/how_to_buy_mobilecoin_in_the_us/,NaN
q0zrdm,How does on purchase Mobilecoin in the US?,https://www.reddit.com/r/mobilecoin/comments/q0zrdm/how_does_on_purchase_mobilecoin_in_the_us/,Buckeye1234,1,2021-10-04 02:14:44,6,/r/mobilecoin/comments/q0zrdm/how_does_on_purchase_mobilecoin_in_the_us/,NaN
q11qi1,Mobilecoin reports circulating reply on coinmarketcap,https://www.reddit.com/r/mobilecoin/comments/q11qi1/mobilecoin_reports_circulating_reply_on/,mad-de,1,2021-10-04 05:03:25,2,/r/mobilecoin/comments/q11qi1/mobilecoin_reports_circulating_reply_on/,News
q1dzoi,"FB, Insta, WhatsApp down... Signal running strong! #MOBility",https://i.redd.it/g4y03jjwqhr71.png,Draperjosh13,1,2021-10-04 16:13:06,3,/r/mobilecoin/comments/q1dzoi/fb_insta_whatsapp_down_signal_running_strong/,NaN
q1ge31,Transfer From Mixin to Signal,https://www.reddit.com/r/mobilecoin/comments/q1ge31/transfer_from_mixin_to_signal/,LegsAJimbo,1,2021-10-04 17:58:54,1,/r/mobilecoin/comments/q1ge31/transfer_from_mixin_to_signal/,NaN
q3h04a,Our latest podcast episode of Privacy is the New Celebrity is live!,https://www.reddit.com/r/mobilecoin/comments/q3h04a/our_latest_podcast_episode_of_privacy_is_the_new/,emmodog,1,2021-10-07 15:46:38,0,/r/mobilecoin/comments/q3h04a/our_latest_podcast_episode_of_privacy_is_the_new/,NaN
